[
    {
        "img_height": 173.45552, 
        "img_id": 0, 
        "img_width": 355.13013, 
        "name": "cartoon_bone"
    }, 
    {
        "img_height": 426.05612, 
        "img_id": 1, 
        "img_width": 369.80197, 
        "name": "clock"
    }, 
    {
        "img_height": 519.03003, 
        "img_id": 2, 
        "img_width": 703.02002, 
        "name": "rygle_Aussie_Earth_Colour_Outline"
    }, 
    {
        "img_height": 278.405, 
        "img_id": 3, 
        "img_width": 171.904, 
        "name": "johnny_automatic_an_anchor"
    }, 
    {
        "img_height": 100.49156, 
        "img_id": 4, 
        "img_width": 317.61777, 
        "name": "old_key"
    }, 
    {
        "img_height": 254.547, 
        "img_id": 5, 
        "img_width": 221.547, 
        "name": "CAT2"
    }, 
    {
        "img_height": 821.09326, 
        "img_id": 6, 
        "img_width": 565.55664, 
        "name": "Machovka_Guitar"
    }, 
    {
        "img_height": 860.73865, 
        "img_id": 7, 
        "img_width": 827.73602, 
        "name": "Ghost_002"
    }, 
    {
        "img_height": 171.81296, 
        "img_id": 8, 
        "img_width": 122.519, 
        "name": "jean_victor_balin_snowman"
    }, 
    {
        "img_height": 841.88976, 
        "img_id": 9, 
        "img_width": 595.27559, 
        "name": "PeterM_Flower"
    }, 
    {
        "img_height": 254.86681, 
        "img_id": 10, 
        "img_width": 280.48322, 
        "name": "14thWarrior_Cartoon_Elephant"
    }, 
    {
        "img_height": 160.0, 
        "img_id": 11, 
        "img_width": 160.0, 
        "name": "nicubunu_Soccer_ball"
    }, 
    {
        "img_height": 700.0, 
        "img_id": 12, 
        "img_width": 500.0, 
        "name": "Bunny"
    }, 
    {
        "img_height": 617.14288, 
        "img_id": 13, 
        "img_width": 700.0, 
        "name": "ryanlerch_sunglasses_outline"
    }, 
    {
        "img_height": 333.1022, 
        "img_id": 14, 
        "img_width": 527.67444, 
        "name": "lescinqailes_bicycle"
    }, 
    {
        "img_height": 295.81635, 
        "img_id": 15, 
        "img_width": 597.3468, 
        "name": "Chrisdesign_Beetle_(car)"
    }, 
    {
        "img_height": 262.052, 
        "img_id": 16, 
        "img_width": 399.884, 
        "name": "johnny_automatic_butterfly_3"
    }, 
    {
        "img_height": 200.0, 
        "img_id": 17, 
        "img_width": 300.0, 
        "name": "whitechess"
    }, 
    {
        "img_height": 225.063, 
        "img_id": 18, 
        "img_width": 467.496, 
        "name": "Gerald_G_Toothbrush_and_toothpaste"
    }, 
    {
        "img_height": 205.00732, 
        "img_id": 19, 
        "img_width": 204.22203, 
        "name": "christmas_bells"
    }, 
    {
        "img_height": 169.98953, 
        "img_id": 20, 
        "img_width": 209.22623, 
        "name": "Chestnut"
    }, 
    {
        "img_height": 253.96014, 
        "img_id": 21, 
        "img_width": 232.84474, 
        "name": "apple-1307281670"
    }, 
    {
        "img_height": 48.0, 
        "img_id": 22, 
        "img_width": 48.0, 
        "name": "cards-applications-games"
    }, 
    {
        "img_height": 424.0, 
        "img_id": 23, 
        "img_width": 424.0, 
        "name": "COMPASS"
    }, 
    {
        "img_height": 192.0, 
        "img_id": 24, 
        "img_width": 256.0, 
        "name": "dog-pup1000"
    }, 
    {
        "img_height": 656.21423, 
        "img_id": 25, 
        "img_width": 692.55078, 
        "name": "jesusfreak210_Penguin"
    }, 
    {
        "img_height": 419.531, 
        "img_id": 26, 
        "img_width": 372.316, 
        "name": "johnny_automatic_magnet"
    }, 
    {
        "img_height": 554.93317, 
        "img_id": 27, 
        "img_width": 394.41351, 
        "name": "lagartoflojo_Water_Drop"
    }, 
    {
        "img_height": 689.26709, 
        "img_id": 28, 
        "img_width": 615.24139, 
        "name": "Machovka_panda"
    }, 
    {
        "img_height": 385.97552, 
        "img_id": 29, 
        "img_width": 433.00421, 
        "name": "CartoonMooseRemix"
    }, 
    {
        "img_height": 413.09299, 
        "img_id": 30, 
        "img_width": 331.12201, 
        "name": "Gerald_G_KU_taraxacum_officinale"
    }, 
    {
        "img_height": 676.10956, 
        "img_id": 31, 
        "img_width": 980.59711, 
        "name": "Jarno_Cessna"
    }, 
    {
        "img_height": 655.76831, 
        "img_id": 32, 
        "img_width": 476.82306, 
        "name": "Machovka_quarterfoil"
    }, 
    {
        "img_height": 828.20166, 
        "img_id": 33, 
        "img_width": 581.90546, 
        "name": "Machovka_strawberry"
    }, 
    {
        "img_height": 400.0, 
        "img_id": 34, 
        "img_width": 400.0, 
        "name": "nicubunu_Mushroom"
    }, 
    {
        "img_height": 400.0, 
        "img_id": 35, 
        "img_width": 350.0, 
        "name": "Peileppe_Photorealistic_Red_Apple"
    }, 
    {
        "img_height": 641.36816, 
        "img_id": 36, 
        "img_width": 571.31628, 
        "name": "ryanlerch_ragno_the_spider_with_a_simple_web"
    }, 
    {
        "img_height": 456.52194, 
        "img_id": 37, 
        "img_width": 456.52191, 
        "name": "sun-1287157794"
    }, 
    {
        "img_height": 358.956, 
        "img_id": 38, 
        "img_width": 344.584, 
        "name": "zucca_architetto_frances_01"
    }, 
    {
        "img_height": 133.201, 
        "img_id": 39, 
        "img_width": 326.16, 
        "name": "johnny_automatic_snail_2"
    }, 
    {
        "img_height": 539.25232, 
        "img_id": 40, 
        "img_width": 571.9848, 
        "name": "kattekrab_plane_tree_autumn_leaf"
    }, 
    {
        "img_height": 365.19131, 
        "img_id": 41, 
        "img_width": 476.65396, 
        "name": "Machovka_Shoes"
    }, 
    {
        "img_height": 123.74525, 
        "img_id": 42, 
        "img_width": 29.596172, 
        "name": "mekonee_29_vegetables_set_4"
    }, 
    {
        "img_height": 27.384855, 
        "img_id": 43, 
        "img_width": 62.955086, 
        "name": "mekonee_29_vegetables_set_8"
    }, 
    {
        "img_height": 623.41974, 
        "img_id": 44, 
        "img_width": 257.30405, 
        "name": "portablejim_Green_snake_with_red_belly"
    }, 
    {
        "img_height": 149.667, 
        "img_id": 45, 
        "img_width": 108.256, 
        "name": "shokunin_easter_egg_single"
    }, 
    {
        "img_height": 304.117, 
        "img_id": 46, 
        "img_width": 371.32901, 
        "name": "StudioFibonacci_Cartoon_monkey"
    }, 
    {
        "img_height": 439.96924, 
        "img_id": 47, 
        "img_width": 954.24377, 
        "name": "Machovka_pikeperch"
    }, 
    {
        "img_height": 471.94272, 
        "img_id": 48, 
        "img_width": 355.81906, 
        "name": "sfrias_Jirafa"
    }, 
    {
        "img_height": 255.86644, 
        "img_id": 49, 
        "img_width": 205.49501, 
        "name": "moon-liftarn_Heraldic_crescent"
    }, 
    {
        "img_height": 139.50764, 
        "img_id": 50, 
        "img_width": 150.04631, 
        "name": "zeimusu_Lion"
    }, 
    {
        "img_height": 595.27557, 
        "img_id": 51, 
        "img_width": 841.88977, 
        "name": "koconmus_Soldek"
    }, 
    {
        "img_height": 369.67596, 
        "img_id": 52, 
        "img_width": 377.91574, 
        "name": "lemmling_Cartoon_owl"
    }, 
    {
        "img_height": 630.4035, 
        "img_id": 53, 
        "img_width": 661.66064, 
        "name": "maven_wood_cut_zebra"
    }, 
    {
        "img_height": 471.7551, 
        "img_id": 54, 
        "img_width": 352.7131, 
        "name": "rg1024_soft_trees_2"
    }, 
    {
        "img_height": 511.34198, 
        "img_id": 55, 
        "img_width": 666.97162, 
        "name": "jondkoon_pigeon"
    }, 
    {
        "img_height": 297.0, 
        "img_id": 56, 
        "img_width": 210.0, 
        "name": "PeterM_Ladybug"
    }, 
    {
        "img_height": 1052.3622047, 
        "img_id": 57, 
        "img_width": 744.09448819, 
        "name": "zeimusu_Watermelon"
    }, 
    {
        "img_height": 399.99994, 
        "img_id": 58, 
        "img_width": 356.04303, 
        "name": "bsantos_Cow"
    }, 
    {
        "img_height": 860.63617, 
        "img_id": 59, 
        "img_width": 690.95416, 
        "name": "Machovka_parrot"
    }, 
    {
        "img_height": 259.784, 
        "img_id": 60, 
        "img_width": 510.34201, 
        "name": "StudioFibonacci_Cartoon_Bat"
    }, 
    {
        "img_height": 498.621, 
        "img_id": 61, 
        "img_width": 210.25, 
        "name": "johnny_automatic_paint_brush"
    }, 
    {
        "img_height": 113.46889, 
        "img_id": 62, 
        "img_width": 155.9646, 
        "name": "treasure_map"
    }, 
    {
        "img_height": 256.48801, 
        "img_id": 63, 
        "img_width": 223.07401, 
        "name": "StudioFibonacci_Cartoon_rhino"
    }, 
    {
        "img_height": 570.19916, 
        "img_id": 64, 
        "img_width": 168.41946, 
        "name": "1272138572"
    }, 
    {
        "img_height": 481.25, 
        "img_id": 65, 
        "img_width": 766.52002, 
        "name": "1291884712"
    }, 
    {
        "img_height": 449.90442, 
        "img_id": 66, 
        "img_width": 492.14069, 
        "name": "Anonymous_table_tennis"
    }, 
    {
        "img_height": 390.09042, 
        "img_id": 67, 
        "img_width": 856.54242, 
        "name": "antontw_Kite"
    }, 
    {
        "img_height": 448.03983, 
        "img_id": 68, 
        "img_width": 891.30408, 
        "name": "dragon02"
    }, 
    {
        "img_height": 753.60712, 
        "img_id": 69, 
        "img_width": 388.133, 
        "name": "GreekSoldier"
    }, 
    {
        "img_height": 646.0, 
        "img_id": 70, 
        "img_width": 622.0, 
        "name": "jean_victor_balin_balloons"
    }, 
    {
        "img_height": 128.0, 
        "img_id": 71, 
        "img_width": 128.0, 
        "name": "liftarn_Adventurer_Hat"
    }, 
    {
        "img_height": 775.62256, 
        "img_id": 72, 
        "img_width": 365.20413, 
        "name": "Machovka_Mobile_phone"
    }, 
    {
        "img_height": 640.06885, 
        "img_id": 73, 
        "img_width": 398.12628, 
        "name": "Machovka_MP3"
    }, 
    {
        "img_height": 407.0, 
        "img_id": 74, 
        "img_width": 500.0, 
        "name": "molumen_RAF_977E_tourist_"
    }, 
    {
        "img_height": 340.0, 
        "img_id": 75, 
        "img_width": 380.0, 
        "name": "qubodup_Ugly_non-perspective_cartoony_fort_fortress_stronghold_or_castle"
    }, 
    {
        "img_height": 300.0, 
        "img_id": 76, 
        "img_width": 300.0, 
        "name": "wheel2"
    }, 
    {
        "img_height": 448.0, 
        "img_id": 77, 
        "img_width": 720.0, 
        "name": "whistle"
    }, 
    {
        "img_height": 356.0, 
        "img_id": 78, 
        "img_width": 352.0, 
        "name": "xmas_tree-01"
    }, 
    {
        "img_height": 1000.0, 
        "img_id": 79, 
        "img_width": 600.0, 
        "name": "zager_Air-Baloon"
    }
]